{
  "(3, 10, 0)": {
    "best_iw": 18,
    "ucb": {
      "4": 1.996966623614222,
      "6": 1.44120217768338,
      "8": 1.293519517882416,
      "10": 1.388255366801652,
      "12": 1.4781267984579487,
      "14": 1.694883016101084,
      "16": 2.679170104803746,
      "18": 4.002830042518684
    }
  },
  "(3, 10, 1)": {
    "best_iw": 18,
    "ucb": {
      "4": 1.999861676774368,
      "6": 1.4635767920713636,
      "8": 1.3296578306106985,
      "10": 1.3922856422387135,
      "12": 1.4384072020601062,
      "14": 1.7029028380137305,
      "16": 2.4089992354363043,
      "18": 4.0052210837769024
    }
  },
  "(3, 10, 5)": {
    "best_iw": 16,
    "ucb": {
      "4": 1.1436302549523147,
      "6": 1.4701781114068342,
      "8": 1.0582556941528038,
      "10": 1.0890920197444154,
      "12": 1.5686866497618244,
      "14": 1.7634323375976648,
      "16": 2.554344824369001
    }
  },
  "(3, 30, 0)": {
    "best_iw": 14,
    "ucb": {
      "2": 1.2689737103615353,
      "4": 1.3742725386233077,
      "6": 1.0862411314626785,
      "8": 1.5696080418636402,
      "10": 1.6734478677322457,
      "12": 2.078102562979072,
      "14": 2.970742246177611
    }
  },
  "(3, 30, 1)": {
    "best_iw": 2,
    "ucb": {
      "2": 4.238926158488887,
      "4": 3.0146354754730726,
      "6": 1.4214055388372473,
      "8": 1.4958940989171092,
      "10": 1.3840670833193875,
      "12": 1.5477347911729145,
      "14": 1.88683759900234,
      "16": 2.61320094957141
    }
  },
  "(3, 30, 5)": {
    "best_iw": 2,
    "ucb": {
      "2": 3.2123559689444896,
      "4": 1.957575293016943,
      "6": 0.9837917535865721,
      "8": 1.0744257852540413,
      "10": 0.9070930032391404,
      "12": 1.35773632113563,
      "14": 1.2640564590981618
    }
  },
  "(3, 100, 0)": {
    "best_iw": 8,
    "ucb": {
      "4": 1.167806728410113,
      "6": 1.372877247685408,
      "8": 1.5338645294086688,
      "10": 1.2628412716371797
    }
  },
  "(3, 100, 1)": {
    "best_iw": 8,
    "ucb": {
      "4": 1.1721571664910297,
      "6": 1.3781402750572727,
      "8": 1.5214880833683075,
      "10": 1.271848251791887
    }
  },
  "(3, 100, 5)": {
    "best_iw": 4,
    "ucb": {
      "4": 2.403836882695897,
      "6": 1.8809639308298638,
      "8": 1.498500261229539,
      "10": 1.2286763409827746,
      "12": 1.3946487193520625,
      "14": 1.4588906162730986,
      "16": 1.8277676177413271
    }
  },
  "(6, 10, 0)": {
    "best_iw": 18,
    "ucb": {
      "4": 2.001381592934562,
      "6": 1.4424568844826797,
      "8": 1.2989756642817247,
      "10": 1.3835691024247883,
      "12": 1.487463170820484,
      "14": 1.6917742406633014,
      "16": 2.675361741365313,
      "18": 4.004490244713987
    }
  },
  "(6, 10, 1)": {
    "best_iw": 18,
    "ucb": {
      "4": 2.0084924158850512,
      "6": 1.4403761831907822,
      "8": 1.3156831034657497,
      "10": 1.3883914243225084,
      "12": 1.4901482882395647,
      "14": 1.6748297779408774,
      "16": 2.5793360529755747,
      "18": 4.004845637162118
    }
  },
  "(6, 10, 5)": {
    "best_iw": 16,
    "ucb": {
      "4": 1.1370022358061265,
      "6": 1.0941241319379342,
      "8": 1.3979738459859088,
      "10": 1.0775311176067974,
      "12": 1.5191119108279505,
      "14": 1.8476101690840911,
      "16": 2.6252691534588024
    }
  },
  "(6, 30, 0)": {
    "best_iw": 2,
    "ucb": {
      "2": 3.0234253725902236,
      "4": 2.4269318272586413,
      "6": 1.3228321204575697,
      "8": 1.412382838391048,
      "10": 1.3883051593983597,
      "12": 1.6939611465115756,
      "14": 2.293661862867067
    }
  },
  "(6, 30, 1)": {
    "best_iw": 14,
    "ucb": {
      "2": 1.1945663077085307,
      "4": 1.2594143814501104,
      "6": 1.238941787367915,
      "8": 0.9326324138733496,
      "10": 1.1694794737024738,
      "12": 1.84244280393464,
      "14": 2.5589096942176246
    }
  },
  "(6, 30, 5)": {
    "best_iw": 14,
    "ucb": {
      "2": 2.131912853333845,
      "4": 1.3896483897384202,
      "6": 0.9305207540996117,
      "8": 0.8779852833776033,
      "10": 0.9610721142544255,
      "12": 1.9630788977395,
      "14": 2.9197057335769014
    }
  },
  "(6, 100, 0)": {
    "best_iw": 8,
    "ucb": {
      "4": 1.164626782956967,
      "6": 1.3695782633429379,
      "8": 1.5337932799844927,
      "10": 1.2599647932670814
    }
  },
  "(6, 100, 1)": {
    "best_iw": 2,
    "ucb": {
      "2": 1.7569924366025305,
      "4": 1.3494163826332932,
      "6": 1.3537572888248781,
      "8": 1.5394428577461319,
      "10": 1.3028146382671237,
      "12": 1.636317235750969
    }
  },
  "(6, 100, 5)": {
    "best_iw": 8,
    "ucb": {
      "4": 1.1661160843295513,
      "6": 1.3657468169603848,
      "8": 1.5212375848862898,
      "10": 1.1872065063142534
    }
  },
  "(9, 10, 0)": {
    "best_iw": 18,
    "ucb": {
      "4": 2.0039308483096034,
      "6": 1.4396652314459886,
      "8": 1.2949608009857148,
      "10": 1.3779858613719753,
      "12": 1.4660783812790412,
      "14": 1.6949916884400693,
      "16": 2.6804916848288944,
      "18": 4.004146171569678
    }
  },
  "(9, 10, 1)": {
    "best_iw": 12,
    "ucb": {
      "2": 1.515176990580339,
      "4": 1.0394005425333224,
      "6": 1.4723796406451588,
      "8": 1.5772979306685349,
      "10": 1.8205551972299618,
      "12": 2.971127098823248
    }
  },
  "(9, 10, 5)": {
    "best_iw": 18,
    "ucb": {
      "4": 1.9878125383911363,
      "6": 1.4024938002486835,
      "8": 1.3322239156777895,
      "10": 1.3742378333935235,
      "12": 1.4712604254104722,
      "14": 1.6569029858422342,
      "16": 2.682340649764079,
      "18": 3.9971339502314622
    }
  },
  "(9, 30, 0)": {
    "best_iw": 2,
    "ucb": {
      "2": 2.8251853036727628,
      "4": 2.061707396029095,
      "6": 1.3002581071751396,
      "8": 1.356128506486121,
      "10": 1.3592615287600192,
      "12": 1.5436727172921152,
      "14": 2.0226673789358793
    }
  },
  "(9, 30, 1)": {
    "best_iw": 2,
    "ucb": {
      "2": 2.8306678594501022,
      "4": 2.2202503792582915,
      "6": 1.212272166448165,
      "8": 1.2693704356630766,
      "10": 1.2671749040596265,
      "12": 1.5471555801740775,
      "14": 2.022918921487405
    }
  },
  "(9, 30, 5)": {
    "best_iw": 14,
    "ucb": {
      "2": 1.2660937530925283,
      "4": 1.1881559664248988,
      "6": 0.8792435846993447,
      "8": 1.5455243425976932,
      "10": 1.6887985435927628,
      "12": 1.9346411906101402,
      "14": 4.023299404032757
    }
  },
  "(9, 100, 0)": {
    "best_iw": 8,
    "ucb": {
      "4": 1.172406283261132,
      "6": 1.3816733024175876,
      "8": 1.4899102601110576,
      "10": 1.270503656527257
    }
  },
  "(9, 100, 1)": {
    "best_iw": 8,
    "ucb": {
      "4": 1.118781239805263,
      "6": 1.374895937115992,
      "8": 1.5338409554691546,
      "10": 1.264097372351602
    }
  },
  "(9, 100, 5)": {
    "best_iw": 2,
    "ucb": {
      "2": 3.150294280541022,
      "4": 1.19033096639274,
      "6": 1.4505569939920546,
      "8": 1.3384510654058874,
      "10": 1.2855531783615364,
      "12": 1.6031256474662468,
      "14": 2.260256529406419
    }
  }
}