{
  "mean": [
    6.0,
    46.66666793823242,
    2.0,
    0.9340925216674805,
    0.2973215878009796
  ],
  "std": [
    2.4494898319244385,
    38.586124420166016,
    2.1602468490600586,
    0.1012016162276268,
    0.3689119815826416
  ]
}